id,title,body,author,score,url
t9t5iq,r/TurkeyJerkiest and Best Posts for All Months,"Yeni bir subreddit açtık, r/TurkeyJerkiest.

Bu subredditte Ocak 2022'den itibaren atılan en popüler postları görebilirsiniz.

Şuradan 2022 ve öncesi postlara ulaşabilirsiniz: [Best of r/TJ, All Months](https://reddit.com/r/TurkeyJerky/comments/g4k7m1/best_of_rtj_all_months/)",voidcarrier,160,https://www.reddit.com/r/TurkeyJerky/comments/t9t5iq/rturkeyjerkiest_and_best_posts_for_all_months/
1jcqvev,Başlık,,Sabeneben,367,https://i.redd.it/7qi63fp383pe1.png
1jcgz9b,Curious.,,hauptmann89,554,https://i.redd.it/ixj7ta4ii0pe1.jpeg
1jc5656,Bunlar yüzünden millet kürdüm demeye korkar oldu,,Sc_or_pi_on,576,https://i.redd.it/vkmdambm4xoe1.jpeg
1jc5eqz,CHP'li milletvekilleri yine AFK,,hoxors,256,https://v.redd.it/bnxs5tdo5xoe1
1jc4on5,Aferin kuçu kuçu,,Battlefleet_Sol,58,https://v.redd.it/62sgaino0xoe1
1jbrk35,gelmiş geçmiş en iyi cv,,Battlefleet_Sol,293,https://i.redd.it/gk3an55lqtoe1.jpeg
1jbs189,tüm hekimlerimizin tıp bayramı kutlu olsun,,Battlefleet_Sol,218,https://i.redd.it/73yiswhvwtoe1.jpeg
1jbxnct,KÜRT KÜRT KÜRT,,Tiny_Bad_8328,31,https://v.redd.it/ke8wcyctgvoe1
1jbci6t,Anasına küfür ettirmekten zevk alıyor amk,,Sc_or_pi_on,727,https://i.redd.it/viux4zjolpoe1.jpeg
