post_id,subreddit,title,body,created_utc,contains_keywords,contains_profanity,score,source
1jy6o5t,Turkey,GÃ¼ncel BOYKOT bilgileri,"KullanÄ±cÄ±larÄ±mÄ±zÄ±n paylaÅŸtÄ±klarÄ± bilgiler Ä±ÅŸÄ±ÄŸÄ±nda gÃ¼ncel boykotlarla ilgili bilgileri aÅŸaÄŸÄ±da derledik. (GÃ¼ncelleme: 13 Nisan 2025 16.00)

https://preview.redd.it/nn2ed3rodlue1.jpg?width=1152&format=pjpg&auto=webp&s=aae8387cf14150c25b912079fbc5cfcc1850262d

2 Nisan'daki bir gÃ¼nlÃ¼k boykota verilen tepkilerin de gÃ¶sterdiÄŸi gibi **boykotlar TÃ¼rkiye'de de Ã§ok etkili oluyor.** GÃ¶zÃ¼nÃ¼zÃ¼ kulaÄŸÄ±nÄ±zÄ± aÃ§Ä±k tutun, gÃ¼ncel boykot ve kampanyalara destek verin. Bu sÄ±rada boykotlu markalara Ã§eÅŸitli platformlar Ã¼zerinden deÄŸerlendirmeler yapmayÄ± ve yorumlar bÄ±rakmayÄ± da unutmayÄ±n.

Bu konuya yoÄŸunlaÅŸmÄ±ÅŸ [**r/akpboykot**](https://www.reddit.com/r/akpboykot/) subredditini de ziyaret etmenizi Ã¶neririz.

UnutmayÄ±n, **herhangi bir firmayÄ± boykot edeceÄŸinizi sÃ¶ylemek ve diÄŸerlerini boykota davet etmek suÃ§ deÄŸildir** ve hukuken tazminat gerektirmez! Ancak yasal olarak Ã¶denmesi zorunlu vergi, borÃ§, ceza gibi ÅŸeylerin boykot edilmesini Ã¶nermek suÃ§ teÅŸkil edebilir.

https://preview.redd.it/zs6lv02oclue1.jpg?width=848&format=pjpg&auto=webp&s=01cd2e59e5899dd5ae0e2599579d8cf1f3afed72

**CHP'nin gÃ¼ncel boykot listesi:**

||
||
|**A Haber**|**AkÅŸam**|**Anadolu AjansÄ±**|**ATV**|
|**Audi**|**Beyaz TV**|**CNN TÃ¼rk**|**D&R**|
|**DBL Entertainment**|**DemirÃ¶ren Grubu**|**DHA**|**DoÄŸuÅŸ Grubu**|
|**EspressoLab**|**ETS Tur**|**GÃ¼naydÄ±n Restaurant**|**Ä°ddaa**|
|**Ä°defix**|**Ä°HA**|**Ä°hlas Ev Aletleri**|**Ä°hlas Medya Grubu**|
|**Ä°hlas Pazarlama**|**Kanal D**|**Kral FM**|**Milli Piyango**|
|**Misli**|**NTV**|**NusrEt**|**Sabah**|
|**Skoda**|**Star TV**|**TGRT**|**TRT**|
|**Turkuvaz Medya**|**TÃ¼rkiye Gazetesi**|**Volkswagen**|**Yeni Åafak**|

Bunlara ek olarak iktidarla baÄŸlarÄ± nedeniyle **Pelit, Big Daddy Alsancak, Ãœlker, Bim, Åok, A101, SeÃ§ Market, Makromarket, Watsons, SÃ¼tiÅŸ, Mado, Simit SarayÄ±, Alpella, Mis SÃ¼t, D-Smart, Ä°HH, HÃ¼rriyet, Posta, Takvim, Fanatik, FotomaÃ§, Galataport, Medipol, Memorial SaÄŸlÄ±k, AytaÃ§ Et, Besler, Bizim Toptan, Godiva, Superfresh, KerevitaÅŸ, ebebek, English Home, AydÄ±n Ã–rme, Odamax,** **ucuzabilet, HIQ, Torku, TÃ¼rk Petrol,** ile **DoÄŸuÅŸ, Ä°hlas, DoÄŸan, DemirÃ¶ren, YÄ±ldÄ±z, Turgut AydÄ±n, Saruhan, Cengiz, Kolin, Kalyon, Limak, Makyol gruplarÄ±na ait ÅŸirketler** bir Ã§ok boykot listesinde yer alÄ±yor.

  
**GÃ¼ncel boykot listeleri iÃ§eren siteler (VPN gerekebilir):**

* [**boykotyap.org**](http://boykotyap.org) **(CHP)**
* [**boykot.me**](https://boykot.me/) **(markalarÄ± boykot nedenleriyle birlikte gÃ¶steren bir liste)**
* [**boykotla.app**](http://boykotla.app) **ve** [**boykotlar.app**](http://boykotlar.app) **(barkodla boykotlu Ã¼rÃ¼n tespiti)**
* [**botkotÃ§um app**](https://play.google.com/store/apps/details?id=com.erayerdin.boykotcum&hl=en-US) **(fotoÄŸraftan boykotlu Ã¼rÃ¼n tespiti)**
* [**yandaslarboykot.com**](http://yandaslarboykot.com) **(gÃ¼ncel boykotlu markalar listesi)**
* [**boykotlist**](https://boykotlist.fun/) **(markalarÄ± ÅŸirketlerle eÅŸleÅŸtiren bir liste)**
* [**boykot2025**](https://boykot2025.com/) **(kÃ¼Ã§Ã¼k boykotlarÄ± da katan Ã§ok bÃ¼yÃ¼k bir liste)**
* [**boykot haritasÄ±**](https://www.boykotharitasi.com/) **(gÃ¼ncellenen uzun bir liste)**
* [**boykot.web.tr**](http://boykot.web.tr) **(toplum destekli boykot platformu)**
* [**MÃ¼lksÃ¼zleÅŸtirme AÄŸlarÄ±**](https://graphcommons.com/h/mulksuzlestirme) **(holdinglerin ve sektÃ¶rlerin iliÅŸki aÄŸlarÄ±)**
* [**Boykot MarkalarÄ±nÄ±n Holding BaÄŸlantÄ±larÄ± (PDF)**](https://gofile.io/d/KfCrhX)

[**Boykot ne demek? Boykot nasÄ±l yapÄ±lÄ±r?**](https://www.birgun.net/haber/boykot-ne-demek-boykot-nasil-yapilir-610070)

[**Boykot Nedir? Neden yapÄ±lÄ±r?**](https://www.reddit.com/gallery/1jjn816)

[**TÃ¼ketici gÃ¼cÃ¼yle deÄŸiÅŸim: Ekonomik boykot nedir? NasÄ±l yapÄ±lÄ±r?**](https://www.gazeteyenigun.com.tr/haber/24371342/tuketici-gucuyle-degisim-ekonomik-boykot-nedir-nasil-yapilir)

Yorumlarda paylaÅŸtÄ±ÄŸÄ±nÄ±z boykot bilgileri ve ilgili site ve applar bir dahaki gÃ¼ncellememize eklenebilir.

[Her Ã‡arÅŸamba boykot gÃ¼nÃ¼](https://preview.redd.it/yqt7brpudlue1.jpg?width=1024&format=pjpg&auto=webp&s=ea25637f0d571f94bac189b707ab9f2d70f76cb6)",2025-04-13 15:36:55,False,True,4,post
1jy5fbo,Turkey,Protestolar Ne Zaman? Nerede?,"[**Ã–ZGÃœRLÃœK HARÄ°TASI** ](https://ozgurharita.app/)**-** GÃ¼ncel harita Ã¼zerinde eylemlerin saatlerini ve yerleri.

[**VELVELE** ](https://velvele.net/)**-** SÃ¼rekli gÃ¼ncellenen protestolar ve protestolarla ilgili makaleler.

[**DÄ°RENÄ°S.NET**](https://direnis.net/) **-** HaklarÄ±nÄ±zÄ± ve gÃ¼venliÄŸinizi korumak iÃ§in pratik bilgiler.

https://preview.redd.it/bw867v2o5lue1.jpg?width=667&format=pjpg&auto=webp&s=8ce99b401385b6bf509a352dee476e823eaed23f

**Konuyla ilgili diÄŸer subredditler:**

[**r/2025\_direnis**](https://www.reddit.com/r/2025_direnis/)

[**r/TurkiyeProtesto**](https://www.reddit.com/r/TurkiyeProtesto/)

[**r/KalkanDuvar**](https://www.reddit.com/r/KalkanDuvar/)

[**r/akpboykot**](https://www.reddit.com/r/akpboykot/)",2025-04-13 14:20:36,False,True,19,post
1jy21nt,Turkey,"KKTC ana muhalafet partisi CTP Genel BaÅŸkanÄ± Tufan ErhÃ¼rman, temel atma tÃ¶reninde duaya eÅŸlik etmedi: â€œAÃ§Ä±lÄ±ÅŸlarda dua edilmesini doÄŸru bulmuyorum. Bu, AnayasamÄ±zdaki laiklik ilkesi aÃ§Ä±sÄ±ndan da doÄŸru deÄŸildir.â€",,2025-04-13 10:16:45,False,True,1284,post
1jy3iyf,Turkey,"Antalya'da bir kuruyemiÅŸ dÃ¼kkanÄ±, sokaÄŸa afiÅŸ yapÄ±ÅŸtÄ±ran genÃ§leri polise ÅŸikayet etti.","Polis, terÃ¶rle mÃ¼cadele kanunu kapsamÄ±nda genÃ§leri 1 saat alÄ±koydu ve Ã§evre kirliÄŸinden para cezasÄ±na Ã§arptÄ±rdÄ±.",2025-04-13 12:05:09,False,True,677,post
1jy2mlg,Turkey,"Ã–zgÃ¼r Ã–zel'den CumhurbaÅŸkanÄ± ErdoÄŸan'a: ""Tank getir karÅŸÄ±ma ateÅŸ et, bomba at, Ã¶ldÃ¼r beni ama AtatÃ¼rk'Ã¼n kurduÄŸu partiye kayyum atamaya kalkma.""","Kaynak:

https://x.com/bosunatiklama/status/1911317527310770361?t=6vR0-sdKsrT9t7FC1oAL9A&s=19",2025-04-13 10:59:02,False,True,677,post
1jy52is,Turkey,SayÄ±n bakanÄ±mÄ±z (yine) Ã¶rtÃ¼lÃ¼ reklam suÃ§u iÅŸliyor,Vay be devlet,2025-04-13 13:57:18,False,True,371,post
1jy56ez,Turkey,"Etimesgut belediye baÅŸkanÄ± Erdal BeÅŸikÃ§ioÄŸlu: ""Tasarruf tedbirleri kapsamÄ±nda vergisini Ã¶deyen bir vatandaÅŸa, hizmetleri Ã¶lÃ§Ã¼lÃ¼ bir ÅŸekilde vermemiz ne kadar etik?"" sorusunu akp'li belediye meclis Ã¼yesine soruyor","**VatandaÅŸÄ±n Ã¶dediÄŸi vergilerle, yine vatandaÅŸÄ±n Ã¼zerine tomalarla sÄ±kÄ±lan sular, biber gazlarÄ±, gÃ¶z yaÅŸartÄ±cÄ± gazlar ne kadar ahlÃ¢ki ve etikse**;

Tasarruf tedbirleri kapsamÄ±nda vergisini Ã¶deyen bir vatandaÅŸa hizmetleri Ã¶lÃ§Ã¼lÃ¼ bir ÅŸekilde vermek de o kadar ahlÃ¢ki ve etik

https://m.youtube.com/shorts/3EGA3ZvULP4 ",2025-04-13 14:04:23,False,True,272,post
1jy6dz1,Turkey,"Ã–zgÃ¼r Ã–zel: â€œErdoÄŸan, darbe yapmaya Ã§alÄ±ÅŸan bir cunta baÅŸkanÄ±dÄ±r.â€",Cunta sÃ¶ylemini sÄ±k sÄ±k tekrarlamasÄ± mÃ¼kemmel.,2025-04-13 15:21:07,False,True,178,post
1jy374q,Turkey,Lise MÃ¼dÃ¼rlerini Ä°fÅŸa Timi Kurma,"Biliyorsunuz ki pek Ã§ok lisede o kadar Ã¶ÄŸretmen aÃ§Ä±ÄŸa alÄ±ndÄ±. Åimdi benim fikrim ÅŸu: 

AKP'liler porno izlediklerini (genellikle bayaÄŸÄ± weird kategoriler oluyo bu arada) bir ÅŸekilde Twitter'dan, Twitch yayÄ±nÄ±ndan felan kendileri ifÅŸa ettirmeyi baÅŸarÄ±yorlar. Biz de bu mÃ¼dÃ¼rlerin twitter vb. hesaplarÄ±nÄ± bulup bu tarz ÅŸeyleri aÃ§Ä±ÄŸa Ã§Ä±karacaÄŸÄ±z. 

(Porno kiÅŸi itibarÄ±nÄ± en Ã§ok lekeleyecek ÅŸey olduÄŸu iÃ§in aklÄ±ma o geldi ama baÅŸka ÅŸeyler de olabilir.)

(Porno izlemek normal bir durumdur ama din ve zina ahkamÄ± kesip izlemek tezattÄ±r)",2025-04-13 11:40:23,False,True,306,post
1jy35kp,Turkey,"Ä°BB, EyÃ¼psultan Kent LokantasÄ±'nÄ±n yakÄ±nda aÃ§Ä±lacaÄŸÄ±nÄ± duyurdu",Kaynak: [Ekrem Ä°mamoÄŸlu](https://x.com/ekrem_imamoglu/status/1911316877135003762),2025-04-13 11:37:05,False,True,231,post
1jy28ag,Turkey,MHPâ€™li BahadÄ±r AltÄ±nkeser: Ã–calanâ€™Ä±m TBMMâ€™de konuÅŸmasÄ±nÄ± doÄŸru buluyorum.,"*BaÅŸlÄ±k iÃ§erik belirtmeliymiÅŸ tekrar paylaÅŸÄ±yorum. 

Ben 21 yaÅŸÄ±ndayÄ±m benim Ã§ocukluÄŸum bunlarÄ±n chpâ€™yi pkk ile bir kefeye koyup zorbalamalarÄ±na ÅŸahit olmakla geÃ§ti. ÃœlkÃ¼ ocaklarÄ± 2023 seÃ§iminde photoshop yapÄ±p astÄ±klarÄ± pankartlar. Chp gelirse Ã¶calan serbest kalÄ±r diye bas bas baÄŸrÄ±nmalar. Bizzat o dÃ¶nem Ã§ok sÄ±kÄ± takip ettiÄŸim iÃ§in her seÃ§imde bir fiil gÃ¶rev aldÄ±ÄŸÄ±m iÃ§in dÃ¼n gibi hatÄ±rlÄ±yorum. Bu 180 dÃ¶nÃ¼ÅŸlerini sadece BÄ°Z mi gÃ¶rÃ¼yoruz? Hadi bunlarÄ±n davasÄ± yok Ã§Ä±karÄ± var diyelim peki ya SEÃ‡MENLERÄ°? Åimdi Reiz imrali heyetiyle gÃ¶rÃ¼ÅŸÃ¼yor. BahÃ§eli mecliste konuÅŸsun diyor. Mhpliler sayÄ±n diyor, baÅŸkanÄ±m ne derse odur diyor. Ya hadi bunlarÄ±n yÃ¼zÃ¼ kÄ±zarmasÄ±n. BUNLARA SEÃ‡MENLERÄ° NE DÄ°YOR? Ã‡evresinde olup da YÃœZÃœ KIZARAN VAR MI? Yani ESAS ONLARIN bu sÃ¼reÃ§ baÅŸlar baÅŸlamaz itiraz etmeleri gerekmez miydi? Anketlerde hala %25-30 Ã§Ä±kÄ±yor. Bu insanlar gerÃ§ek mi? KatlanamÄ±yorum abi bu ikiyÃ¼zlÃ¼lÃ¼ÄŸe KATLANAMIYORUM. Madem sizin duruÅŸunuzun ederi BU KADARDI onca sene nasÄ±l bir Ã¶zgÃ¼venle insanlarÄ± zorbaladÄ±nÄ±z?",2025-04-13 10:30:07,False,True,268,post
1jy6ae9,Turkey,Samsun Cumhuriyet Mahallesi anlÄ±k,ArkadaÅŸÄ±m paylaÅŸmam iÃ§in rica etti,2025-04-13 15:15:22,False,True,99,post
1jy4cm3,Turkey,AKP neden bu kadar oy alÄ±yor sorusunun verili analizi,"Son 2 gÃ¼ndÃ¼r paylaÅŸtÄ±ÄŸÄ±m parti anket ortalamalarÄ±na ""AKP bu kadar oy alamaz"", ""MHP'nin bu kadar oyu yok"" gibi mesajlar gÃ¶rÃ¼yorum. Bunlar Twitter'da yayÄ±nlanan her anket sonucuna gelen yorumlarla benzer. Muhalefet seÃ§meninin genel olarak dÃ¼ÅŸtÃ¼ÄŸÃ¼ bir hata var ki o da yakÄ±n Ã§evre, yaÅŸadÄ±ÄŸÄ± semt ve sosyal medya gibi sadece gÃ¶rebildiÄŸi Ã¶rneklem gruplarÄ±nÄ± baz almasÄ±. Oysa ki ne Ä°stanbul ne de TÃ¼rkiye bizim kendi yankÄ± odalarÄ±mÄ±zdan ibaret deÄŸil. Åimdi bunu verilerle ortaya koyalÄ±m. CHP'nin 1. parti olarak Ã§Ä±ktÄ±ÄŸÄ± 2024 yerel seÃ§imlerinde haritanÄ±n Ã§oÄŸunun kÄ±rmÄ±zÄ±ya, azÄ±nÄ±n sarÄ±ya boyandÄ±ÄŸÄ±nÄ± gÃ¶rdÃ¼k. Ancak bu, sanki o illerde hiÃ§ AKP oyu Ã§Ä±kmÄ±yor gibi bir yanÄ±lgÄ±ya yol aÃ§Ä±yor. Ä°llerde ve ilÃ§eler her partinin aldÄ±ÄŸÄ± oylarÄ±n yÃ¼zdesini ayrÄ± birer harita olarak inceleyerek duruma bakalÄ±m.

[CHP'nin il bazÄ±nda oy oranlarÄ±](https://preview.redd.it/a02nw77xmkue1.png?width=1920&format=png&auto=webp&s=4c6c9498df8e204bd6aca7edc4fffa05b5a08c4a)

[CHP'nin ilÃ§e bazÄ±nda oy oranlarÄ±](https://preview.redd.it/827r8vs0nkue1.png?width=1920&format=png&auto=webp&s=89d5ea8f88e7ccbf62f4a152ee1448c0451c4eab)

CHP'nin Ã§oÄŸu ilde oy aldÄ±ÄŸÄ±nÄ± gÃ¶rÃ¼yoruz ancak il ve ilÃ§e bazÄ±nda neredeyse hiÃ§ varlÄ±k gÃ¶steremediÄŸi epeyce yer mevcut. Ã–rneÄŸin Ä°Ã§ Anadolu'nÄ±n bir kÄ±smÄ±, Karadeniz'in alt bÃ¶lgeleri, DoÄŸu ve GÃ¼neydoÄŸu Anadolu'da neredeyse hiÃ§ yok. CHP, 1. liÄŸini bÃ¼yÃ¼k ÅŸehirlerdeki yÃ¼ksek oy oranlarÄ±na borÃ§lu. Ama tam anlamÄ±yla Ã¼lke Ã§apÄ±nda homojen bir oy daÄŸÄ±lÄ±mÄ± yok.

[AKP'nin il bazÄ±nda oy oranlarÄ±](https://preview.redd.it/zcgtdumlnkue1.png?width=1920&format=png&auto=webp&s=37176ab4ec2d1aec2a64831f8430cf7b2d595484)

[AKP'nin ilÃ§e bazÄ±nda oy oranlarÄ±](https://preview.redd.it/0bdhkydonkue1.png?width=1920&format=png&auto=webp&s=453cd81b390ed50a8a2cd5260d7a8d8f1afce7d3)

AKP'nin il ve ilÃ§e bazÄ±ndaki oy oranlarÄ±na baktÄ±ÄŸÄ±mÄ±zda TÃ¼rkiye genelindeki neredeyse her il ve ilÃ§ede varlÄ±k gÃ¶sterdiÄŸini gÃ¶rÃ¼yoruz. AKP, CHP'nin %5 bile oy alamadÄ±ÄŸÄ± Ã§oÄŸu yerde en az %20 oy alabilmeyi baÅŸarmÄ±ÅŸ. Ä°stanbul'da da CHP'nin kalesi sayÄ±labilecek ilÃ§elerde AKP %15-20 oy alabilirken CHP'nin yine %10 altÄ±na dÃ¼ÅŸtÃ¼ÄŸÃ¼nÃ¼ gÃ¶rÃ¼yoruz. Yani AKP Ã¼lke Ã§apÄ±nda bir kitle partisi ama CHP iÃ§in aynÄ±sÄ± geÃ§erli deÄŸil.

[MHP'nin il bazÄ±nda oy oranlarÄ±](https://preview.redd.it/9hn78zbhokue1.png?width=1920&format=png&auto=webp&s=e574ec5c488bef130bbd84b043ab3e25323558c8)

[YRP'nin il bazÄ±nda oy oranlarÄ±](https://preview.redd.it/yssfkn7kokue1.png?width=1920&format=png&auto=webp&s=53cf9c8afe6fe4a2dd45ac1645dc0be8d49b58ec)

MHP ve YRP de, aynÄ± DEM Parti gibi bÃ¶lgesel partiler aslÄ±nda. Her Ã¼Ã§ parti de her yerden oy alabilseler de aÄŸÄ±rlÄ±klÄ± olarak oy alabildikleri iller sÄ±nÄ±rlÄ± ve bunlarÄ± anketlerde Ã¶lÃ§ebilmek zor oluyor. Bu yÃ¼zden, siz gÃ¶rmeseniz bile bu oy potansiyelleri orada durmaya devam ediyor.

Åimdi gelelim diÄŸer sebeplere:

[AKP'nin genel seÃ§imlerdeki oy oranlarÄ±](https://preview.redd.it/gj588k82qkue1.png?width=777&format=png&auto=webp&s=ed71a4e4acab9f0e8b5f60b2b0cbb537514c7d7b)

ğŸŸ¨ AKP 22 yÄ±ldÄ±r iktidarda. Bu kadar uzun sÃ¼re iktidarda kalan bir partinin kemikleÅŸmiÅŸ bir oyunun olmasÄ± ve beklenebilecek bir ÅŸey. AKP bir dÃ¶nem %49'lara kadar Ã§ktÄ±ktan sonra oyu Ã¶nce %42'lere, sonra %35'lere gerileri. Yerel seÃ§imden sonraki anketlerde de 1-2 puan artÄ±p azalsa da genel olarak %30 civarÄ±nda gÃ¶rÃ¼nÃ¼yor. TÃ¼rkiye'de zaman iÃ§erisinde parti baÄŸlÄ±lÄ±ÄŸÄ± bir Ã§eÅŸit kimlik aiditiyetine dÃ¶nÃ¼ÅŸÃ¼yor ve bundan kolay kolay vazgeÃ§ilmiyor. Ama bu hep bÃ¶yle kalacak anlamÄ±na gelmez. GÃ¶rÃ¼ldÃ¼ÄŸÃ¼ Ã¼zere zaman iÃ§erisinde kÄ±rÄ±lÄ±mlar oluyor. Bir sonraki kÄ±rÄ±lÄ±m eÅŸiÄŸi, anketlerden ziyade gerÃ§ek bir seÃ§imde %30 ve altÄ±nda oy almasÄ± olur. Anketler aÃ§Ä±sÄ±ndan bakarsak da bana gÃ¶re kalÄ±cÄ± eÅŸik %27-28 bandÄ±. Anketlerde uzun sÃ¼re bu oran ve altÄ± gÃ¶rÃ¼ndÃ¼ÄŸÃ¼nde AKP yeni bir kÄ±rÄ±lÄ±m yaÅŸÄ±yor demektir ve aslÄ±nda teknik olarak da AKP'nin iktidar olma ÅŸansÄ±nÄ±n bittiÄŸi anlamÄ±na gelir.

ğŸŸ¨ AKP'nin hem kamu dÃ¼zeni hem de Ã¶zel sektÃ¶rle iliÅŸkileri kapsayan oturmuÅŸ bir yapÄ±sÄ± var. Bu dÃ¼zen bir kÄ±sÄ±m insan iÃ§in bir nevi gÃ¼ven ve istikrar anlamÄ±na geliyor. SekÃ¼ler hayat yaÅŸayan hatÄ±rÄ± sayÄ±lÄ±r miktarda insanÄ±n da AKP'yi destekliyor olmasÄ± bu dÃ¼zenden kaynaklanÄ±yor.

ğŸŸ¨ ErdoÄŸan, kendi kitlesi iÃ§in ikonik bir lider. Onun varlÄ±ÄŸÄ±, belki artÄ±k Ã¶mrÃ¼nÃ¼ tamamlamÄ±ÅŸ gÃ¶rÃ¼nen AKP'yi hÃ¢lÃ¢ ayakta tutabilen en Ã¶nemli etkenlerden biri.

ğŸŸ¨ Ã–zellikle TV, TÃ¼rkiye'de hÃ¢lÃ¢ en Ã¶nemli propaganda aracÄ± ve TÃ¼rkiye'deki ana akÄ±m medya ve devlet televizyonlarÄ±nda muhalefetin hiÃ§bir varlÄ±ÄŸÄ± yok.

ğŸŸ¨ TÃ¼rkiye'de sosyal deÄŸiÅŸimler Ã§ok hÄ±zlÄ± gerÃ§ekleÅŸmiyor. 2002 Genel seÃ§iminden bu yana, partilerin isimleri deÄŸiÅŸse de temsil ettikleri sosyo-kÃ¼ltÃ¼rel oy bloklarÄ± neredeyse hiÃ§ deÄŸiÅŸiklik gÃ¶stermedi. 2024 yerel seÃ§imlerinde radikal bir deÄŸiÅŸim olmuÅŸ gibi gÃ¶rÃ¼nse de bu da aslÄ±nda sosyo-kÃ¼ltÃ¼rel sebepler deÄŸil, aÄŸÄ±rlÄ±klÄ± olarak ekonomik sebeplerden kaynaklanÄ±yordu (dÃ¼ÅŸÃ¼k emekli maaÅŸlarÄ± gibi).

Ã–zetle; AKP'nin hÃ¢lÃ¢ belli oranlarda oy alabiliyor olmasÄ±nÄ±n makul aÃ§Ä±klamalarÄ± var ve kendi Ã§evremize bakarak AKP'nin desteksiz kaldÄ±ÄŸÄ±nÄ± dÃ¼ÅŸÃ¼nmemiz hata olur. AynÄ± ÅŸekilde, diÄŸer partilerin de ne kadar oyunun olup olmadÄ±ÄŸÄ±, bu konuyla ilgili analitik Ã§alÄ±ÅŸmalar yapmayanlarÄ±n tespit edebilmesi zor.",2025-04-13 13:05:58,True,True,143,post
1jy35nm,Turkey,TKP'nin genÃ§lik Ã¶rgÃ¼tÃ¼ TKG bugÃ¼n saat 18.00'de SAKARYA MEYDANI'nda eyleme Ã§aÄŸÄ±rÄ±yor!,">[**GELECEK BÄ°Z OLACAÄIZ! HÃœKÃœMETÄ°N ZORBALIÄINA DÄ°Z Ã‡Ã–KMEYECEÄÄ°Z! Sadece AKP hÃ¼kÃ¼metini deÄŸil, onu bugÃ¼nlere getiren Ã§Ã¼rÃ¼mÃ¼ÅŸ sermaye dÃ¼zenini deÄŸiÅŸtirmek iÃ§in beraber yÃ¼rÃ¼meye var mÄ±sÄ±nÄ±z?**](https://www.instagram.com/tkgankara/p/DIUQXnpoeDR/)",2025-04-13 11:37:15,False,True,180,post
1jy6sz5,Turkey,"Ã–zgÃ¼r Ã–zel: ""Biz sÄ±rtÄ±mÄ±zÄ± Amerika'ya deÄŸil millete dayÄ±yoruz. Biz gÃ¼cÃ¼mÃ¼zÃ¼ Trump'tan deÄŸil milletten alÄ±yoruz. DÃ¼n iÅŸgale gelenlere kÄ±rmÄ±zÄ± halÄ± serenler vardÄ± bugÃ¼n darbe yapmak iÃ§in yurt dÄ±ÅŸÄ±ndan icazet alanlar var.",,2025-04-13 15:44:28,False,True,77,post
1jy6jej,Turkey,Ã–zgÃ¼r Ã–zel: â€œBurada KurtuluÅŸ SavaÅŸÄ±'nÄ± baÅŸlatmak iÃ§in bir Ekrem karÅŸÄ±lamÄ±ÅŸtÄ± Mustafa Kemalâ€™i. BugÃ¼n bir Ekrem'i hepimiz karÅŸÄ±lÄ±yoruz.â€,Mustafa Kemalâ€™i Samsunâ€™a Ã§Ä±ktÄ±ÄŸÄ±nda karÅŸÄ±layan Kurmay BinbaÅŸÄ± Mahmut Ekrem Beyâ€™dir. Bu duruma atÄ±fta bulunmuÅŸ. ,2025-04-13 15:29:34,False,True,69,post
1jxzbjf,Turkey,"Ä°ddia: YÃ¼zbinlerce Filistin'li, TÃ¼rkiye SÄ±nÄ±rÄ±na Getirilebilir","Ä°srail'li gazeteci ariel oseran, Suriye'deki mÃ¼lteci kamplarÄ±nÄ±n Filistin'liler iÃ§in hazÄ±rlandÄ±ÄŸÄ±ndan bahsediyor

  
Kaynaklar: [https://x.com/ariel\_oseran/status/1910308201477611841](https://x.com/ariel_oseran/status/1910308201477611841) [https://www.i24news.tv/en/news/middle-east/levant-turkey/artc-syria-repurposing-refugee-camps-to-absorb-hundreds-of-thousands-of-gazans](https://www.i24news.tv/en/news/middle-east/levant-turkey/artc-syria-repurposing-refugee-camps-to-absorb-hundreds-of-thousands-of-gazans)",2025-04-13 07:11:58,True,True,311,post
1jy5wjv,Turkey,AydÄ±nâ€™Ä±n Ã‡ine ilÃ§esine baÄŸlÄ± TopÃ§am KÃ¶yÃ¼ Dedeler Mahallesi maden ocaÄŸÄ±yla yÄ±llardÄ±r mÃ¼cadele ediyor.,"DuruÅŸma 14 MayÄ±s'ta yapÄ±lacak.

https://www.instagram.com/reel/DHd5LtWtGHj",2025-04-13 14:51:55,False,True,54,post
1jxn6qb,Turkey,Chpnin yeni uzun adamÄ±,Bu genÃ§leri pmye alma iÅŸi bence Ã§ok iyi oldu. SÃ¼rekli yaÅŸlÄ± bunaklar gÃ¶rmekten gÄ±na gelmiÅŸti artÄ±k,2025-04-12 20:55:25,False,True,1494,post
1jy6732,Turkey,CHP'ye bir Ã¶neri bÄ±rak. Åu an neyi doÄŸru neyi yanlÄ±ÅŸ yapÄ±yorlar?,"Chp GenÃ§lik KollarÄ± veya Ä°letiÅŸim burayÄ± okur mu okumaz mÄ± bilmiyorum. Daha Ã¶nce kendilerine ulaÅŸmaya Ã§alÄ±ÅŸtÄ±m ama geri dÃ¶nÃ¼ÅŸ olmadÄ±. Yine de bu post yÃ¼ksek bir ilgi gÃ¶rÃ¼rse Twitter ve Instagramda paylaÅŸÄ±p sesimizi duyurabiliriz. Ä°lk tepki benden gelsin

DoÄŸru:
1. Eylem-Protesto yerine Miting kelimesi, saÄŸcÄ± seÃ§menden gelecek negatif tepkiyi azaltÄ±yor. Eylem = TerÃ¶rizm = VandallÄ±k olarak iÅŸlendigi iÃ§in halkÄ±n minik beynine, Miting adÄ± altÄ±nda protesto yapmak daha doÄŸru.

YanlÄ±ÅŸ 
1. Mitinglerin sayÄ±sÄ± Ã§ok az. KÃ¼Ã§Ã¼k ÅŸehirlerin organize edilmesi gerek.


",2025-04-13 15:09:46,False,True,47,post
1jy4ln4,Turkey,Polis MÃ¼dahalesi Olmayan Åehirlerde DÃ¼zenli Protesto,Ã‡oÄŸu kÃ¼Ã§Ã¼k ÅŸehirde  yÃ¼rÃ¼yenler orta yaÅŸ emekli bu yÃ¼zden polis mÃ¼dahalesi yok . Ãœniler ses Ã§Ä±karmÄ±yor organize olmuyorlar. Ã‡oÄŸunda katÄ±lÄ±m var ancak organizasyon yok. Bunun iÃ§in haftada bir bu ÅŸehirlerin gruplanÄ±p protesto ve yÃ¼rÃ¼yÃ¼ÅŸler dÃ¼zenlemesi gerekli. Mesela pazartesi 2-3 ÅŸehir salÄ± baÅŸka 2-3 ÅŸehir bu ÅŸekilde haftada boÅŸluk olmadan ve insanlarÄ± yormadan protestolarÄ± tÃ¼m Ã¼lkede alÄ±ÅŸkanlÄ±k haline getirebiliriz. Ancak chp il ilÃ§e binalarÄ±nÄ± ikna etme konusunda sÄ±kÄ±ntÄ± Ã§ekiyoruz.  KÃ¼Ã§Ã¼k ÅŸehirler komitesi gibi bir ÅŸey kurup kÃ¼Ã§ÄŸk ÅŸehir chp ve diÄŸer siyasi  binalarÄ±na baskÄ± mÄ± yapÄ±lmalÄ±? Bu konu hakkÄ±nda ne dÃ¼ÅŸÃ¼nÃ¼yorsunuz? NasÄ±l bir yol Ã§izilmeli?,2025-04-13 13:24:21,False,True,66,post
1jy448o,Turkey,"Yunanistan Genelkurmay BaÅŸkanÄ± Dimitris Houpis: ""TÃ¼rkiye bir tehdit olmaya devam ediyor,Gerekirse beÅŸ dakika iÃ§inde mÃ¼dahale etmeye hazÄ±rÄ±z.""","Kaynak:(Yunanistan Gazetesi/Proto Thema)

https://en.protothema.gr/2025/04/12/dimitris-houpis-turkey-remains-a-threat-we-are-ready-to-intervene-in-five-minutes-wherever-needed/

TÃ¼rkiye'yi ilgilendirdiÄŸi iÃ§in post baÈ™lÄ±ÄŸÄ± TÃ¼rkÃ§e.",2025-04-13 12:49:06,False,True,70,post
1jy6kq7,Turkey,"""a-ama.. boykot iÅŸe yaramÄ±yor!""",https://x.com/espressolabtr/status/1911117882097820077?t=9ygvD-DVPqcSaU2YP1SW8w&s=19,2025-04-13 15:31:31,False,True,40,post
1jy5w95,Turkey,Son belediye kayyumlarÄ± sonrasÄ± Ã¼lke genelinde 30 binden fazla reklam panosunun kontrolÃ¼ rejime geÃ§ti,,2025-04-13 14:51:23,False,True,45,post
1jy59tv,Turkey,"CHP'nin Samsun'da dÃ¼zenlediÄŸi ""Millet Ä°radesine Sahip Ã‡Ä±kÄ±yor"" Mitingi",,2025-04-13 14:10:34,False,True,49,post
1jxycsw,Turkey,Dr. Ali Kavuzlu maÄŸduruyum ama sesimi Googleâ€™da bile duyuramÄ±yorum.,"Hem nefes problemi hem de estetik nedenlerle Dr. Ali Kavuzluâ€™ya ameliyat oldum. Googleâ€™da yÃ¼zlerce olumlu yorum vardÄ±: â€œÃ§ok doÄŸalâ€, â€œnefesim aÃ§Ä±ldÄ±â€, â€œhiÃ§ morluk olmadÄ±â€ gibi... Olumsuz yorum neredeyse hiÃ§ yoktu.

Bu kadar pozitif yorum gÃ¶rÃ¼nce gÃ¼venip ameliyat oldum. Ama maalesef burnumda ciddi orantÄ±sÄ±zlÄ±klar oluÅŸtu. Deliklerin biri yukarÄ±da biri aÅŸaÄŸÄ±da, burun ucu sarkÄ±k ve yapay duruyor. Nefes sorunum da hÃ¢lÃ¢ devam ediyor. Spor yaparken bile aÄŸzÄ±mdan nefes almak zorundayÄ±m.

Defalarca kontrole gittim, ama her seferinde aynÄ± ÅŸey: â€œBu normal, zamanla oturur.â€ Ama hiÃ§ bir ÅŸey deÄŸiÅŸmedi sorun devam ediyor.

Bu sÃ¼reÃ§te deneyimimi yazmak istedim. Googleâ€™da yorum bÄ±rakmayÄ± denedim ama yayÄ±nlanmadÄ±. Ã–nce bir hata sandÄ±m ama sonra dikkatimi Ã§ekti: Ã¶nceden var olan bazÄ± dÃ¼ÅŸÃ¼k puanlÄ± yorumlar da gÃ¶rÃ¼nmÃ¼yordu.

GÃ¶rÃ¼nÃ¼ÅŸe gÃ¶re bazÄ± doktorlar, eleÅŸtirel yorumlarÄ± â€œspama dÃ¼ÅŸÃ¼rÃ¼pâ€ sildirebiliyor. Bu ciddi bir konu. Ã‡Ã¼nkÃ¼ insanlar sadece olumlu yorumlarÄ± gÃ¶rerek hayatlarÄ±nÄ± etkileyecek kararlar alÄ±yor.

Sizce bu etik mi? GerÃ§ek hasta yorumlarÄ±nÄ± gÃ¶rememek hasta haklarÄ±na aykÄ±rÄ± deÄŸil mi?

Benim gibi yorum yazÄ±p yayÄ±nlanmayan baÅŸka hastalar var mÄ±? Bu durumda ne yaptÄ±nÄ±z?

Bu paylaÅŸÄ±mÄ± karalama amacÄ±yla deÄŸil, sadece farkÄ±ndalÄ±k yaratmak iÃ§in yapÄ±yorum.

Not: Bu iÃ§erik kiÅŸisel bir deneyimdir. GÃ¶rsel temsili olup kimseyi hedef gÃ¶sterme amacÄ± taÅŸÄ±mamaktadÄ±r.",2025-04-13 06:12:54,False,True,189,post
1jy4ijv,Turkey,Kocaeli'de direniÅŸ komitesi kuruyorum!,"Kocaeli'de ki sesizlik beni iliklerime kadar rahatsÄ±z etmekte. Kocaeli iÃ§in direniÅŸ yani protesto komitesi kurma kararÄ± aldÄ±m, Kocaeli'nde yaÅŸayan kiÅŸiler ve yardÄ±m etmek isteyen kiÅŸiler yazabilir. AynÄ± zamanda komite iÃ§in gerekli yasal veya diÄŸer olaylarÄ± bilen kiÅŸilerde bana ulaÅŸabilir mi? Konu hakkÄ±nda araÅŸtÄ±rma yapÄ±yorum. Kocaeli'de parti kollarÄ±ndan bir cacÄ±k olmayacak. Her tÃ¼rlÃ¼ yardÄ±ma ihtiyacÄ±m var. Åimdiden hepinize teÅŸekkÃ¼rler.",2025-04-13 13:18:10,False,True,46,post
1jy2o2e,Turkey,"Samsun Ãœniversite Ã–ÄŸrencileri, dÃ¼zenlenecek yÃ¼rÃ¼yÃ¼ÅŸÃ¼ duyurdu ğŸ“ Ziraat BankasÄ± Ã–nÃ¼ â€“ Cumhuriyet MeydanÄ± â€“ Ä°lkadÄ±m â€“ Samsun ğŸ—“ 13 Nisan 2025 Pazar ğŸ• 13.00 Miting Ã–ncesi Eylem!!!",https://ozgurharita.app/ Ã–zgÃ¼rlÃ¼k HaritasÄ±'nda da ayrÄ±ntÄ±larÄ± mevcuttur.,2025-04-13 11:01:37,False,True,65,post
1jxwr52,Turkey,"TÃ¼rkiye'de Hukukun GeldiÄŸi Son Nokta. Mutlaka Ä°zleyin Hatta Akpli TanÄ±dÄ±ÄŸÄ±nÄ±z Varsa Ä°zletin. VicdanÄ± , Namusu , Haysiyeti Olan , Bir Ä°nsan Bu YapÄ±lanlara Sessiz Kalamaz!",,2025-04-13 04:40:47,False,True,200,post
1jy2olv,Turkey,"Havuz medyasÄ±: ""DEM'in gerÃ§ekten barÄ±ÅŸÄ± arzulayan isimleri Pervin Buldan, SÄ±rrÄ± SÃ¼reyya Ã–nder ve Ahmet TÃ¼rk""","YÃ¼ksel AytuÄŸ 13.04.2025 

""Siz bakmayÄ±n aklÄ± Ä°ngiliz'in teb'asÄ± olmakta kalanlarÄ±n bir kaÅŸÄ±k suda koparttÄ±ÄŸÄ± fÄ±rtÄ±naya... Hamdolsun ki Ã¼lkeme bahar geliyor. Hem de baÄŸÄ±ra Ã§aÄŸÄ±ra, kuÅŸlar gibi ÅŸakÄ±ya ÅŸakÄ±ya... AÃ§Ä±n pencereleri ve bu yumuÅŸacÄ±k, mis kokulu, huzur veren yeni memleket havasÄ±nÄ± doyasÄ±ya iÃ§inize Ã§ekin.

CumhurbaÅŸkanÄ± ErdoÄŸan, MHP Lideri BahÃ§eli, DÄ±ÅŸiÅŸleri BakanÄ± Fidan, MÄ°T MÃ¼steÅŸarÄ± KalÄ±n ve kadrolarÄ± bu gÃ¼nler iÃ§in bir Ã¶mÃ¼r emek verdiler.

Sadece onlar deÄŸil, DEM'in gerÃ§ekten barÄ±ÅŸÄ± arzulayan isimleri Pervin Buldan, SÄ±rrÄ± SÃ¼reyya Ã–nder ve Ahmet TÃ¼rk'Ã¼n Ã§abalarÄ± da tarihe geÃ§ecek nitelikteydi.""

""Ha gayret, yÃ¼zdÃ¼k yÃ¼zdÃ¼k kuyruÄŸuna geldik. MandacÄ±larÄ±n, tapÄ±nak ÅŸÃ¶valyelerinin, ABD uÅŸaklarÄ±nÄ±n, siyonizmin devÅŸirilmiÅŸ askerlerinin ÅŸimdilerde kaldÄ±rdÄ±ÄŸÄ± toz duman da bu harika manzaranÄ±n gÃ¶rÃ¼lmesini engellemek iÃ§indir.
AldÄ±rmadan yolumuza devam edelim. Ã‡Ã¼nkÃ¼ barÄ±ÅŸ ve huzur hepimize Ã§ok iyi gelecek...""

https://m.sabah.com.tr/yazarlar/gunaydin/aytug/2025/04/13/ben-bu-bahari-cok-sevdim",2025-04-13 11:02:43,False,True,61,post
1jxm0cd,Turkey,"Ekrem Ä°mamoÄŸlu: Ne yaparsanÄ±z yapÄ±n, er ya da geÃ§ bu aziz millet sizi sandÄ±ÄŸÄ±n en dibine gÃ¶mecek.",,2025-04-12 20:03:54,False,True,820,post
1jxpwd5,Turkey,Samsunlu arkadaÅŸlar 13 Nisan Pazar saat 14.00'te Cumhuriyet MeydanÄ±nda toplanabilirsiniz.,,2025-04-12 22:56:03,False,True,472,post
1jpkwmg,Turkey,Boykot Etmek Ä°Ã§in Ã‡ok Sebep Var,LÃ¼tfen boykotu bir gÃ¼ne yaymayalÄ±m. Elinizden geldiÄŸince az harcayalÄ±m. Zorunlu olmadÄ±kÃ§a bir ÅŸet satÄ±n almayÄ±p dÄ±ÅŸarÄ±da oturup yiyip iÃ§meyelim.,2025-04-02 13:00:26,False,True,5697,post
u13xk4,Turkey,"TÃ¼rkiyeâ€™de bulunan UkraynalÄ± sÄ±ÄŸÄ±nmacÄ±lar, Antalyaâ€™da Ã§Ã¶pleri temizlemek iÃ§in inisiyatif kurdu. Hedeflerinin, â€œTÃ¼rkiyeâ€™ye ve halkÄ±na desteÄŸi iÃ§in teÅŸekkÃ¼r etmek, UkraynalÄ±lara burada misafir olduÄŸumuzu ve yerel halka saygÄ±lÄ± olmamÄ±z gerektiÄŸini hatÄ±rlatmakâ€ olduÄŸu aktarÄ±ldÄ±.",,2022-04-11 12:45:05,False,True,4701,post
1jspbic,Turkey,Evrim aÄŸacÄ±ndan sessiz kalanlara mesaj,,2025-04-06 11:16:18,False,True,4240,post
1jj1830,Turkey,cagri mert bakirci destegine devam ediyor.,bu adam sonuna kadar butun guzel seyleri hak ediyor. simdi youtube katildan uye olmaya gidiyorum.,2025-03-24 23:37:00,False,True,4080,post
1jl8kzn,Turkey,Tutuklanan bir kadÄ±nÄ±n ifadesi ve polisin kadÄ±na tecavÃ¼z etmesi,"DÃ¶vÃ¼lerek tutuklandÄ±m.

TutuklandÄ±ktan sonra 1.90 boyunda sakallÄ± bir adam gelip gÃ¶gÃ¼slerimi elledi.

Korkudan altÄ±ma kaÃ§Ä±rdÄ±m.

ÅikayetÃ§i olmamam iÃ§in kadÄ±n polisler baskÄ± yaptÄ±.

Aileme haber verilmedi.

https://x.com/aykuterdogdu/status/1905286248119357463?s=46",2025-03-27 19:52:07,False,True,3966,post
1joppyo,Turkey,Boykot gidiÅŸatÄ± Ã§ok iyi,"GeÃ§tiÄŸimiz gÃ¼n HepsiburadanÄ±n deposunda Ã§alÄ±ÅŸan bi arkadaÅŸÄ±mla sohbet ediyordum ve boykottan sonra iÅŸlerde deÄŸiÅŸim olup olmadÄ±ÄŸÄ±nÄ± sordum, normalde 25-30 bin bandÄ±nda bir paketleme iÅŸi yapÄ±lÄ±rken ÅŸu an gÃ¼nde 6 bine kadar dÃ¼ÅŸtÃ¼ dedi. Haberiniz olsun dostlar iÅŸe yaramÄ±yor sanmayÄ±n BÄ°Z BERABER GÃœÃ‡LÃœYÃœZ BENÄ°M BOYKOTUMDAN NE OLUR YOK. BÃ–YLE DEVAM!",2025-04-01 10:18:10,False,True,3963,post
mmnv3c,Turkey,CumhurbaÅŸkanlÄ±ÄŸÄ± Kararnamesi,,2021-04-08 12:14:28,False,True,3880,post
1jf4y77,Turkey,"Ä°Ãœ BeyazÄ±tâ€™ta biber gazÄ± mermisi mi dersiniz ne derseniz onu yiyen bendim, 2 tane yedim, piÅŸman deÄŸilim. Tek piÅŸmanlÄ±ÄŸÄ±m erken (akÅŸam 9â€™da) ayrÄ±lmÄ±ÅŸ olmam.",BaÅŸta Ä°Ãœ olmak Ã¼zere bu eylemi asÄ±l baÅŸlatmÄ±ÅŸ olan solcu Ã¼niversite Ã¶ÄŸrencilerine ebesi saygÄ±mÄ± sunuyorum.,2025-03-19 22:08:06,False,True,3803,post
14mbhp6,Turkey,1 yil Ã¶nce vefat eden Dedem bana Facebook'dan mesaj yolluyormuÅŸ ama gÃ¶rmemiÅŸim,"GÃ¶rÃ¼nce nutkum tutuldu, kaybettiÄŸim dedem meÄŸersem yÄ±llarca doÄŸum gÃ¼nÃ½ mesajÄ± atmÄ±ÅŸ ama ben gÃ¶rmemiÅŸim. Beni bukadar vuran ise dedemin pek sevgisini gÃ¶stermeyip bÃ¶yle birÅŸeyi bana Ã¶zel yapmÄ±ÅŸ olmasÄ±ydÄ±. Ã‡ok garip hissettim ve burda paylaÅŸmak istiyorum. Allah Rahmet Eylesin.",2023-06-29 20:48:48,False,True,3801,post
jiy6c0,Turkey,"Tam 12 yÄ±l sonra efsaneden yeni bir entry daha geldi. Yine zehirli oku attÄ± dostlar, geÃ§miÅŸ olsun.",,2020-10-27 12:48:42,False,True,3740,post
1jgip5t,Turkey,SONDAKÄ°KA!! Polisler Ã¶dÃ¼l mamalarÄ±nÄ± aldÄ±,,2025-03-21 17:54:43,False,True,3712,post
x77nqs,Turkey,"Musa ve Ä°brahim peygamberler tarihte yok dediÄŸi iÃ§in ifadeye Ã§aÄŸrÄ±lan Celal ÅengÃ¶r, savunmasÄ±nda 20â€™den fazla esere atÄ±f yaparak kanÄ±t sundu. ÅengÃ¶r ayrÄ±ca Nuh TufanÄ±â€™nÄ±n da masallara dayandÄ±ÄŸÄ±nÄ± kaynak gÃ¶stererek anlattÄ±",,2022-09-06 14:02:37,False,True,3641,post
1jpoe4j,Turkey,"Ã–zgÃ¼r Ã–zel: â€œGenÃ§lere 'fiÅŸlenirsiniz ileride iÅŸe giremezsiniz' diyorlar Ã¶yle bir ÅŸey yok. AKPâ€™nin fiÅŸlemelerinin tamamÄ±nÄ±, sarayÄ±n Ã¶nÃ¼nde bidonda yakacaÄŸÄ±m ben. ArtÄ±k sadece AKP ve aparatlarÄ± korkacak.â€",,2025-04-02 16:20:34,False,True,3618,post
1jqck6c,Turkey,"KÃ¼Ã§Ã¼k esnafa Ã§aÄŸrÄ±, kapÄ±nÄ±za AtatÃ¼rk bayraÄŸÄ± asÄ±n. Sizden alÄ±ÅŸveriÅŸ yapalÄ±m.","BÃ¼yÃ¼k marketlere deÄŸil, kapÄ±sÄ±nda bayrak bulunduran kÃ¼Ã§Ã¼k esnafa kazandÄ±racaÄŸÄ±z. nakit Ã¶deyeceÄŸiz ev alÄ±ÅŸveriÅŸini dahi buralardan yapacaÄŸÄ±z. Berber, bakkal, manav fark etmez. kapÄ±na bayrak as. evinde de as.",2025-04-03 10:55:25,False,True,3563,post
1jwmlc2,turkish,I Translated a Montenegrin Poem abt Sultan Mahmud II into Turkish - Is It Any Good?,"ArÅŸa baÅŸÄ±n, ayÄ± geÃ§er gider,

Var kÄ±lÄ±cÄ±n, Ã¼Ã§ ay daha biter!

Ã‡elenkler var, dallar sarar seni,

senden korkar dÃ¼ÅŸman, eller kini.


 

Sen ki kartal, krallarÄ±n baÅŸÄ±,

sen ki ÅŸahin, Ã¼rkÃ¼tÃ¼r savaÅŸÄ±!

HÃ¼kÃ¼mdarlarÄ±n sultanÄ± sensin,

herkes sorar: ""Mahmud Halif neredesin?""

 


BaÅŸla sen, herkes seni tanÄ±yor,

ÅŸaÅŸma sakÄ±n, dÃ¼ÅŸmanlar anÄ±yor.

TÄ±pkÄ± kuzgun, kartalÄ± Ã§aÄŸÄ±rÄ±r,

senin gibi savaÅŸÃ§Ä±ya aÄŸlar.

 


Sen yaparsÄ±n TÃ¼rk'e gerekeni,

kÄ±rmazsÄ±n hiÃ§ alnÄ±nÄ±, yeneni.

Kafirleri savurur uzaklara,

girmezlerse Stambol'un kapÄ±sÄ±na.

Orda sana secde eder hepsi,

susuz kalÄ±r dÃ¼ÅŸmanÄ±n nefesi.



The original poem is ""Oda Sultanu Turskome"" (Ode to the Turkish Sultan) by Petar II PetroviÄ‡ NjegoÅ¡.

To be fair, archaic Montenegrin is immensely hard to translate, even w/o being beholden to poetic constraints. But my Turkish isn't that good (hence my writing in English), so I wondered - does this sound good? Natural? Or does it just sound crappy and forced.

I DO want to preserve some of its Montenegrin-ness; hence I kept the original ""Stambol"" instead of changing it ""Ä°stanbul."" But I do want the language to feel natural to the Turkish ear.

Any feedback is more than welcome


",2025-04-11 13:27:44,False,True,18,post
1jw3gvw,turkish,Åu enteresan objeye TÃ¼rkÃ§ede nasÄ±l hitap edildiÄŸini bileniniz var mÄ±?,"yolun ortasÄ±ndaki kÃ¼Ã§Ã¼k ÅŸemsiyeli platform bir bekÃ§iyi barÄ±ndÄ±rÄ±yor, bu ÅŸeye TÃ¼rkÃ§e de nasÄ±l hitap edildiÄŸini bileniniz var mÄ±?",2025-04-10 20:24:55,False,True,191,post
1jw2l6w,turkish,Offering Turkish,"

Hello, Iâ€™m 25M and a native Turkish speaker. If there is anyone who improving Turkish I can help. And I am trying to improve my English as well as. We can help each other. Also we can be friends. That would definitely be great because I love making friends and chatting with people from other countries. You can dm me :)",2025-04-10 19:48:37,False,True,14,post
1jvm3ob,turkish,"There should be a collective shame for the lack of Turkish educational material for children online, especially on YouTube.","There should be a collective shame for the lack of Turkish educational material for children online, especially YouTube.

I am writing in English because itâ€™s easier for me to write and I think itâ€™ll be more accessible to people to understand my frustration.          
         
I have a one year old child who I am doing my best to teach Turkish to, but my language skills are limited. Iâ€™ve been in been America since I was 5 (26 years) and only kept up my Turkish because I talked Turkish to my parents. I taught myself how to read and write by using the same principals of reading and writing to Turkish, so itâ€™s a miracle that I still speak Turkish.        
        
My wife is European American but she works at an Islamic school where Arabic and Quranic Arabic is taught standard. There are so many good resources online, ESPECIALLY YouTube of Arabic lessons for children. They are beautifully made, there is an unbelievable amount of heart that goes into them like Adam wa Mish Mish. At this point my daughter is learning more Arabic than she is learning Turkish because she will be attending this school my wife works at. I speak to my daughter constantly in Turkish, but im the only one.          
           
The material for Turkish on YouTube is terribly made 3D video, or a few videos of basic Turkish numbers and words. Thereâ€™s no grammar videos, thereâ€™s no beautifully animated content, thereâ€™s nothing that is worthy of the Turkish spirit. My wife knows more Arabic than Turkish because she plays these videos for Arabic language learning to her students so obviously through music and repetition she has learned Arabic. We canâ€™t do this for my daughter because there arenâ€™t anything to watch!        
          
I want my daughter to read, write, and speak in Turkish and not have to suffer as I did to learn my mother tongue.  I want her to speak Turkish more than I want her to speak English and any other language, but I donâ€™t have the resources in person nor online. Where is our Ms. Rachel? Where is the equivalent to sesame street? Where is our beautifully animated version of Adam wa Mish-Mish? What is this? Where is the shame? This is embarrassing and an insult to our children and especially to our future generations. There are children in Germany like my cousin who canâ€™t speak Turkish and heâ€™s 12 years younger than me and lives a train ride away from Turkey. My aunt was impressed and surprised that I still speak Turkish considering her youngest canâ€™t.            
          
I understand this will make people angry, thatâ€™s fine, Imam Ali said â€œEven if all the people were to gather together to frighten me,
I would never abandon the truth, even if it is bitter.â€            
           
I just expect better from our nation who is so proud of being Turkish. TÃ¼rkiye has given a piece of its self to every person born in its embrace which is so powerful that even someone 200 generations away from being born there would still be proud of having its blood. 
",2025-04-10 04:18:25,False,True,68,post
1jvk2in,turkish,Bir kelime diÄŸer dile nasÄ±l geÃ§er,"Mesela 'Torba'yÄ± ele alalÄ±m, bulunduÄŸum yerde Ã§antaya torba diyorlar. Åimdi bu sÄ±rplÄ±lar 'yahu torba daha iyi biz torba diyelim' mi demiÅŸ, yoksa bizimkiler mi zorlamÄ±ÅŸ. Yani kÄ±sacasÄ± bu kelimeler diÄŸer dile geÃ§erken nasÄ±l geÃ§iyor ve nasÄ±l bu kadar yaygÄ±nlaÅŸÄ±yorlar",2025-04-10 02:34:06,False,True,13,post
1jvf9sg,turkish,What does Nah Ã‡ekmek mean?,"Source video:

[https://www.instagram.com/share/reel/\_nBm2DCFw](https://www.instagram.com/share/reel/_nBm2DCFw)",2025-04-09 23:01:42,False,True,12,post
1jv7swa,turkish,bir kelime,"var mÄ± yok mu bilmiyorum ama yankÄ±sÄ± aklÄ±ma takÄ±lmÄ±ÅŸ bir kelime var.
bir memurun gÃ¶rev yapmasÄ±nÄ± aÃ§Ä±klayan ****** yapmak tarzÄ±nda bir kelime hatÄ±rlÄ±yorum, ama aklÄ±ma gelmiyor
yardÄ±mcÄ± fiili farklÄ± da olabilir bu arada
ama galiba arapÃ§a-farsÃ§a kÃ¶kenli bir ÅŸey",2025-04-09 17:57:07,False,True,19,post
1jvjiaw,turkish,Help with translation of Ä°nce Ä°nce Bir Kar YaÄŸar,"Ä°nce ince bir kar yaÄŸar fakirlerin Ã¼stÃ¼ne â€” A thin thin snow will fall on the poor

Neden felek inanmÄ±yor fukaranÄ±n sÃ¶zÃ¼ne â€” Why doesn't the world listen to the words of the poor

Ã–ldÃ¼k Ã¶ldÃ¼k biz aÃ§lÄ±ktan, etme aÄŸam n'olur â€” We died we died from hunger (etme aÄŸam?) please

Kimi mebus kimi vali, bize tahsil haramdÄ±r â€” Some deputy some governor, education is haram to us

Dayanamam artÄ±k senin bu yalancÄ± pozuna â€” I can't stand your lying pose anymore

YandÄ±k yandÄ±k bize okul, bize yol, bize hayat â€” It's over for us, school, roads, life

Etme aÄŸam, n'olur, n'olur, n'olur, n'olur, n'olur n'olur â€” 

Adam mÄ± Ã¶lÃ¼r yol yapÄ±lÄ±nca â€” Will man die if roads are built (What is the -ca suffix?)

Okul olunca, hayat bulunca â€” if there's school, if life is found

N'olur, n'olur, n'olur, n'olur n'olur... â€” Please please please...

Ä°stanbul'un benzemiyor neden o Urfalara â€” Why doesn't Urfa(lara?) resemble your Istanbul

Yoksul MaraÅŸ, susuz Urfa, ya DiyarbakÄ±rlarÄ±n? â€” Poor MaraÅŸ dry Urfa and DiyarabkÄ±r(larÄ±n?) too?

YandÄ±k yandÄ±k, Ã¶ldÃ¼k Ã¶ldÃ¼k, bir yudum su â€” We burned we burned we died we died one sip of water

Etme aÄŸam, n'olur â€” 

Ã–ldÃ¼k Ã¶ldÃ¼k, bir mektup yaz, yapma aÄŸam â€” We died we died write a letter, don't do it master

N'olur, n'olur, n'olur, n'olur, n'olur n'olur â€” Please please please...

Adam mÄ± Ã¶lÃ¼r toprak verince â€” Will man die if land is given

Ä°nsan sevince, kendin bilince â€” If people are loved if you know yourself

N'olur, n'olur, n'olur, n'olur n'olur... â€” Please please please...

Sen anandan ben babamdan aÄŸa doÄŸmadÄ±k dostum â€” You from your mom me from my dad we weren't born masters my friend

Gel beraber yaÅŸayalÄ±m, sanma ki sana kÃ¼stÃ¼m, â€” Come lets live together, don't think that I'm mad at you

YandÄ±m yandÄ±m, ayrÄ± gezme, etme gardaÅŸ, â€” I burned I burned don't wander off don't do it brother

N'olur, n'olur, n'olur, n'olur, n'olur n'olur â€” Please please please...

Adam mÄ± Ã¶lÃ¼r toprak verince â€” Will man die if land is given

BorÃ§ Ã¶deyince, kendin bilince â€” if the debt is payed, if you know yourself

N'olur, n'olur, n'olur gardaÅŸ n'olur â€” Please please please sibling please",2025-04-10 02:06:46,False,True,3,post
1jv3cd7,turkish,Is it possible to learn Turkish with games?,"We will have an online card game event for Turkish speaking practice! The event is free and open to all levels. A native Turkish teacher will teach/lead the event, so it's a fantastic opportunity!

If you're interested to join us, just leave me a comment here and I'll DM you later to exchange details. Or you can DM me directly.

**TIME**: Saturday, April 12th @ 9am New York City time  
**DURATION**: 1 hour

\*We also welcome native speakers of Turkish to play with us because we think English-Turkish exchange is very entertaining and effective.

\*\*We plan to play at the same time on the second Saturday of every month. So if you're not free this time, but you'd like to play in the future, just let me know and I'll put you on our invite list.",2025-04-09 14:21:11,False,True,8,post
1juxhe7,turkish,Looking for Turkish Friends to Practice the Language and Share My Love for TÃ¼rkiye!,"Hi everyone! My name is Jomana and Iâ€™m 18 years old from Egypt. Iâ€™ve always had a deep love for TÃ¼rkiyeâ€”its language, culture, people, food, and beautiful cities. I recently started learning Turkish seriously and  My dream is to one day move to TÃ¼rkiye and live there, maybe even after I finish university.

Thatâ€™s why Iâ€™m looking to make genuine Turkish friends now. I want to practice the language together, talk about everyday life, culture, music, TV shows, and build real friendshipsâ€”not just for now, but maybe even for when I visit TÃ¼rkiye in the future.

If you love meeting new people, practicing languages, or just want to share your culture with someone who truly appreciates it, Iâ€™d be so happy to chat with you!

Feel free to reach out here TeÅŸekkÃ¼r ederim! Letâ€™s be friends!",2025-04-09 07:31:30,False,True,16,post
1juxatp,turkish,Need Help,"I want to learn Turkish in Istanbul (and yes, it has to be Istanbul specifically, not Ankara). Galata area works the best. 

BoÄŸaziÃ§i isn't offering beginners courses this summer and I have no experience. So where can I do it?

Also, better if I can do this in July. Are there options besides YEE? Any Universitiy programs you recommend?",2025-04-09 07:20:31,False,True,6,post
1judmyy,turkish,wtf does piyasa mean,piyasa nedemek. Is it slang? A real word?,2025-04-08 16:31:45,False,True,13,post
1jugq05,turkish,What is the meaning of this,"Hi everyone, my turkish friend and I practice turkish since im gonna live in turkey for a while. 
At one point she texted this:
diÅŸledÃ¼mse la'lÃ¼n, ey kanum tÃ¶ken; kahr eyleme
dut ki kan itdÃ¼m; adalet eyle; kanÄ± kana tut
How does this translate to english? I dont think this is turkish am I getting bamboozled?",2025-04-08 18:43:59,False,True,0,post
1jtz7ft,turkish,Mabel Matiz - Mendilimde KÄ±rmÄ±zÄ±m Var,"Hi. As you know, understanding songs also requires familiarity with the culture etc. So, Iâ€™ve decided to explore songs that contain traditional elements, to help those who are learning Turkish or who simply love the language. In my free time, Iâ€™ll share new ones as well.

>There is red on my handkerchief / Mendilimde kÄ±rmÄ±zÄ±m var  
I wept, but didnâ€™t you notice? / AÄŸladÄ±m da gÃ¶rmedin mi?  
I became a fire, I burned, my love / YangÄ±n oldum yandÄ±m ben yar  
You brought water, was I not extinguished? / Su getirdin, sÃ¶nmedim mi?

>  
Numbered days will pass ah / SayÄ±lÄ± gÃ¼nler geÃ§er ah  
Let the sorrow that have come be endured / BaÅŸa gelmiÅŸ dert Ã§ekilsin  
Writing remains, words fly away ah / YazÄ± kalÄ±r sÃ¶z uÃ§ar ah  
Let a lament be kindled in my chest / Sinemde bir aÄŸÄ±t yakÄ±lsÄ±n

>  
Give it back, give me back my dream / Geri ver, geri ver bana dÃ¼ÅŸÃ¼mÃ¼  
My reality is burning me alas / YakÄ±yor gerÃ§eÄŸim be aman  
When the eyes do not see, can the heart endure / GÃ¶rmeyince bu gÃ¶z, katlanÄ±r mÄ± gÃ¶nÃ¼l  
Let us see each other again, once more / GÃ¶relim yeniden, yeniden

>  
There is a cluster of hyacinths on my handkerchief / Mendilimde pare sÃ¼mbÃ¼l  
The soul grew resentful, the nightingale wept / KÃ¼stÃ¼ can, aÄŸladÄ± bÃ¼lbÃ¼l  
Who can bear separation from the beloved / Kim dayansÄ±n yardan ayrÄ±  
The nightingale's remedy is the rose / BÃ¼lbÃ¼lÃ¼n Ã§aresi gÃ¼ldÃ¼r

To better understand the lyrics, you need to know that it makes use of the symbolic language of Sufism. What does this mean? It means that Sufi literature contains a great number of metaphors. In this text, I will try to clarify these metaphors as much as possible. First, let me summarize the concept of wahdat al-wujud (the unity of existence) in Sufism. According to Sufi metaphysics, existence is actually singular â€” and that is the existence of God. Created beings are merely reflections or manifestations of God's existence. To love a human being means to love a reflection of God. Moreover, in Sufi literature, the beloved for whom the lover longs represents the Creator. For this reason, it is impossible to distinguish between divine and earthly love in Sufi literature.

In Turkish tradition, a handkerchief is a symbolic element that indicates mutual affection between two people. Waving the handkerchief, bringing it to the nose, or dropping it carries meaning. The handkerchief carries the scent of the beloved. Lovers used to use the handkerchief as a means of communication. Mabel Matizâ€™s mention of the handkerchief alludes to earthly love. However, turning the handkerchief red with tears is related to divine love. When the longing for the beloved reaches its peak, the lover weeps deeply. As a result, tears of blood flow from their eyes. When these tears cover the eyes, the material world disappears. In this way, the lover reaches unity â€” the oneness of existence. Furthermore, Mabel Matiz is burning with love, and only the beloved can extinguish this fire. In both Turkish culture and Sufism, love â€” whether earthly or divine â€” is depicted as fire.

Mabel Matiz has a sorrow. In the material world, sorrow refers to feelings related to lifeâ€™s troubles, such as sadness, grief, or anxiety. However, in the Sufi sense, it represents the lover's awareness of being separated from the beloved, whom they regard as their essence. Referring to the passing of numbered days is an allusion to life itself. Mabel Matiz is waiting to reunite with the beloved through death.

The saying, ""Out of sight, out of mind,"" is a Turkish proverb. When someone does not see what they long for, it becomes easier to endure the separation. However, by saying ""let us see each other again,"" Mabel Matiz wishes to put an end to this longing and reunite with the beloved. The word ""again"" here carries a meaning symbolizing the Islamic concept of ""coming from God and returning to God."" (Al-Baqara 156)

In classical literature, the hyacinth (sÃ¼mbÃ¼l) is associated with the belovedâ€™s hair, while in Sufi terms, it symbolizes multiplicity. The nightingale (bÃ¼lbÃ¼l) is generally interpreted as the lover, but in Sufism, it represents the person who has fallen in love with the divine. The rose (gÃ¼l) symbolizes both the earthly beloved and the divine beloved, and at the same time, it represents the concept of unity.",2025-04-08 02:14:05,False,True,11,post
1jtm27z,turkish,Crossword Vocabulary Puzzles for Turkish Learners,You can view and solve several of the puzzles online at [www.easyturkishgrammar.com](http://www.easyturkishgrammar.com),2025-04-07 17:05:52,False,True,10,post
1jsq4pj,turkish,pembegÃ¶t nedemek,"eng:
obv pembegot translates to pinkass, but thatâ€™s not really what it means. Curious if someone could explain it better to me",2025-04-06 12:15:55,False,True,51,post
1jsvxwu,turkish,Which show is better ?,"Hello ğŸ‘‹,  I am looking to find which turkish series should I watch if I wanna watch romantic , comedy and light series . 

I have already watched 
-ask laftan analamz
-her yerde sen
-sol yanim
-dolunay 
-kiralik ask
-duy beni
-Bay yanilis 
-ruhun dayamz
-siyah beh ask

So can you give me other suggestions ?",2025-04-06 17:54:45,False,True,14,post
1jrvqgm,turkish,"How can I get the meaning of ""as if that wasnâ€™t bad enough, you even went and..""?","# I've got this sentence:

# ""did you have to go and die...""

* This is a **rhetorical question** in the **past tense**.
* â€œDid you have to...â€ implies **annoyance** or **complaint** about something that happened.
* â€œGo and dieâ€ is a common way to exaggerate or dramatize an action someone did:
   * E.g. â€œDid you have to go and break it?â€
   * It adds a tone of *â€œas if that wasnâ€™t bad enough, you even went and...â€*

  
How could I express this in Turkish and which mood or tense would you recommend? 

  
",2025-04-05 07:51:57,False,True,12,post
1jr33c2,turkish,bu TÃ¼rkÃ§e mi?,"I'm a Turkish intermediate learner, and I listen to music to improve comprehension. Came across KÃ¢zÄ±m'Ä±n ÅŸarkÄ±sÄ± KoÃ§ari and my brain stopped working; bu dil nedir Ã§Ã¼nkÃ¼ anlamÄ±yorum",2025-04-04 07:08:32,False,True,201,post
1jrj1gf,turkish,What are the turkish names of these animal species ?,"I need to know these because i'm translating something into turkish.

-Campo Flicker

-Golden Snub-Nosed Monkey

-Axis Deer

Also please don't give the names that show up through machine translated wikipedia pages",2025-04-04 21:30:58,False,True,2,post
1jqd72d,turkish,Dil deÄŸiÅŸim ortaÄŸÄ± ğŸ‡¹ğŸ‡·ğŸ‡µğŸ‡±,"Merhaba, PolonyalÄ±yÄ±m ve Polonya'da yaÅŸÄ±yorum. TÃ¼rkÃ§e kursta Ã¶ÄŸreniyorum (A2.2) ama daha fazla konuÅŸmak istiyorum. LehÃ§e, Ä°ngilizce ve Ä°spanyolca bilmiyorum ve Ã¶ÄŸrenmenize yardÄ±mcÄ± olabilirim :) 

Ben yirmi beÅŸ yaÅŸÄ±ndayÄ±m, tarihi ve kÃ¼ltÃ¼rÃ¼ seviyorum. Yemek yapmayÄ± da severim :) TanÄ±ÅŸtÄ±ÄŸÄ±mÄ±za memnun oldum :) ",2025-04-03 11:38:20,False,True,62,post
1jpps2m,turkish,Looking for someone to help me learn Turkish!,"I recently just got accepted into an abroad program where Iâ€™ll be going to study in Turkey for my final year of high school. Although I do enjoy learning more about languages, I know virtually nothing about Turkish. If thereâ€™s anyone that would be willing to maybe just call once a week and help me with Turkish that would be wonderful, or If anyone maybe just wants to play video games with me and help me practice the little bits Iâ€™ll be learning throughout the coming months that would be awesome. I am also open to helping anyone with English too! ",2025-04-02 17:21:17,False,True,5,post
uj930w,turkish,Eating human = yamyam,,2022-05-06 01:30:40,False,True,1411,post
1g84l4g,turkish,Ne demek Abim ,"Hello, I ordered some food from a Turkish restaurant. It was a large order, so I asked them to send me a receipt of everything I ordered. They said they would text it to me.

They sent it a little while later and I wrote back â€œThank you, brother,â€ because the man I spoke to over the phone called me brother and he seemed like a nice guy, and he was the one who told me he would text me the picture.

He then wrote back â€œNe demek Abim.â€ I donâ€™t speak, and am not Turkish, so I thought maybe this means â€œYouâ€™re welcomeâ€ but I googled it and the google translation is â€œWhat do you mean, brother?â€

Heâ€™s asking me what I mean by Thank you? Iâ€™m confused. ",2024-10-20 20:52:29,False,True,662,post
u5th38,turkish,Yani Ã¶ÄŸrenirsin amaâ€¦,,2022-04-17 21:49:22,False,True,660,post
tks36p,turkish,Theyâ€™re the same picture.,,2022-03-23 14:47:50,False,True,638,post
1gue5v6,turkish,Any Turks here willing to learn (Brazilian) Portuguese?,"Selam, iyi gÃ¼nler!

Hey guys, I am looking for native speakers of Turkish to chat with/to speak to and consequently improving my Turkish... but I'm not willing to pay for lessons on iTalki or buying lessons of any kind (at least not yet). So if (Brazilian) Portuguese is a language you are trying to learn (or wants to start learning) you and I could do this cultural/linguistic exchange, what d'you say?

As we say in Brazil, ""one hand washes the another, and both wash the face"" (uma mÃ£o lava a outra, e as duas lavam o rosto). ğŸ˜‰",2024-11-18 23:08:25,False,True,611,post
x7abfh,turkish,Learning Turkish because of AtatÃ¼rk?,"Herkese Merhaba!

I'm really interested in learning Turkish as it's an agglutinative language similar to Japanese and Tagalog, which are the languages I already know.

But unlike most learners who are in it for the culture, entertainment, work and all other typical tropes in learning a language, I have a different reason in mind.

I'm learning Turkish because of AtatÃ¼rk. I mean the guy's a great general and statesman who fought major Imperial powers, implemented progressive reforms, and even made peace with the Greeks (with then-Greek PM Venizelos nominating him for the Nobel Peace Prize). He rebuild the country from the crumbling Ottoman Empire to the modern secular Republic of Turkey (TÃ¼rkiye) that we know today, and who wouldn't admire such a guy?

Would it look odd for a Turkish person that I'm learning a language because of AtatÃ¼rk? What response would I get? It's almost similar if one wants to learn Hindi because of Gandhi or American English because of Martin Luther King Jr.

TeÅŸekkÃ¼r ederim!

P.S. hope this won't reach r/languagelearningjerk",2022-09-06 16:12:55,False,True,596,post
rtxhpl,turkish,"Bias in AI: when you translate this from English to Turkish, a gender-neutral language, then that same Turkish phrase back to English",,2022-01-02 04:00:34,False,True,562,post
1bfe4kw,turkish,YarÄ±ÅŸmacÄ±larÄ±n hepsi sanki TRT spikeri. ,1992 yÄ±lÄ±ndan bir program. ,2024-03-15 16:36:28,False,True,543,post
1jw4uta,TurkeyJerky,Ä°mamoÄŸlu'nun hapisten kaÃ§mak iÃ§in inÅŸa ettiÄŸi Silivri metrosu ortaya Ã§Ä±ktÄ±,,2025-04-10 21:21:19,False,True,1458,post
1jvg4ci,TurkeyJerky,ZEHRA KINIK YINE KAZA YAPMIS?,saka gibi gercekten bizim agzimizi acsak tutuklandigimiz ve bu kisinin katilligiyle dolanip ustune bi daha kaza yapmasi... bazen keske akpli olsaydim diyorum kafam bos oldugundan mutlu olurdum yetti amk,2025-04-09 23:37:13,False,True,769,post
1jv9ixj,TurkeyJerky,A shining Example of Ciasal Ä°slam,,2025-04-09 19:07:45,False,True,672,post
1jssuis,TurkeyJerky,Turkish Pikachu ABD protestolarÄ±na ilham oldu,,2025-04-06 15:20:06,False,True,2596,post
1jryoig,TurkeyJerky,TÃ¼rkiyeye reset atma peÅŸinde(kÃ¶tÃ¼ anlamda),,2025-04-05 11:15:02,False,True,686,post
1jrhcnq,TurkeyJerky,"""Kudurmaya devam, Bahceli yasiyor hala"" o sirada Bahcelinin mezar ziyaretinde gordukleri:",,2025-04-04 20:19:57,False,True,900,post
1jrcdea,TurkeyJerky,BahÃ§eli geri dÃ¶nmÃ¼ÅŸ yaÅŸÄ±yor oe amk,,2025-04-04 16:50:53,False,True,1440,post
1jr8mz0,TurkeyJerky,GeÃ§en ODTÃœye helikopter getirdiler amk,,2025-04-04 13:27:51,False,True,468,post
g999x7,TurkeyJerky,Sen AbdÃ¼lhamit'i savundun but it's Ace Attorney,,2020-04-27 23:57:53,False,True,6609,post
joeqnd,TurkeyJerky,Amateurs,,2020-11-05 10:38:14,False,True,5683,post
14cgr5e,TurkeyJerky,Oturma oraya da be adam beee,,2023-06-18 13:07:08,False,True,4905,post
i7oqd9,TurkeyJerky,Amerika bizi kÄ±skanÄ±yor yeÄŸenim,,2020-08-11 12:33:05,False,True,4880,post
jibdef,TurkeyJerky,tÃ¼rkiye'de yaÅŸamak hiÃ§ de stresli deÄŸil.,,2020-10-26 12:16:21,False,True,4526,post
j24iag,TurkeyJerky,Made this lame meme after visiting r/europe for the first time,,2020-09-29 20:57:21,False,True,4404,post
fds0bu,TurkeyJerky,Iki yÃ¼zlÃ¼lÃ¼k devam,,2020-03-05 10:54:58,False,True,4329,post
ov4cu9,TurkeyJerky,Åundan bir meme Ã§Ä±kartÄ±p bÃ¼tÃ¼n dÃ¼nyada popÃ¼ler yapmazsak adam deÄŸiliz.,,2021-07-31 12:45:40,False,True,4249,post
is3ivy,TurkeyJerky,"Oyunu bilmeyip de yine de oynamak isteyen, sinir bozan kuzen temsili",,2020-09-13 21:20:31,False,True,4229,post
ij8yaa,TurkeyJerky,30 AÄUSTOS ZAFER BAYRAMIMIZ KUTLU OLSUN,,2020-08-30 10:35:48,False,True,4007,post
